INSERT INTO persona(dni, n_pasaporte, nombre, apellidos, fecha_nacimiento)
VALUES('44985796G','44985796G','Alejandro','Fraile del Olmo', '2003-03-05'), -- Cliente
('86873434L','86873434L','Jesus','Valenzuela Santana','2004-04-12'), -- Cliente
('23188871H','23188871H','Jessica Maritza','Lalaleo Guangasi','2002-02-11'), -- Cliente
('48006290T','48006290T','Angel','Almache Cuadrado','2004-04-24'), -- Cliente
('73860331V','73860331V','Carlos','Villarroel Gonzalez','1983-03-01'), -- Clientes
('52955438P','52955438P','Victoria','Estrada Alicante','2003-11-02'), -- Clientes
('90095416T','90095416T','Victoria','Lopez Canfran','1998-03-11'), -- Clientes
('68649360H','68649360H','Pepito','Grillo Xdniano','1975-07-08'), -- Clientes
('63318845Y','63318845Y','Agustin','Aguilera Martin','1986-02-10'), -- Clientes
('92860136M','92860136M','Clara','Campoamor Galicia','1989-04-09'), -- Clientes
('93690258B','93690258B','Angel','Zamora Sanchez','2000-12-05'), -- Clientes
('51807164D','51807164D','Helen','Chufe de Valencia','1976-10-21'), -- Clientes
('27715253T','27715253T','Leonardo','Di Caprio','1997-05-20'), -- Clientes
('50832138E','50832138E','Aitor','Tilla Menganito','1967-10-30'), -- Clientes
('25579646N','25579646N','Lidia','Ruiz Martinez','2001-02-09'), -- Clientes
('29410835E','29410835E','Gonzalo','Lozano Palomo','1967-04-18'), -- Clientes
('69131212C','69131212C','Alex','Lozano Martin','2000-01-01'), -- Clientes
('16917725Y','16917725Y','Sergio','Ramos Arguelles','2001-12-12'), -- Clientes
('42799486M','42799486M','Jose','Cela Olmos','1965-09-07'), -- Clientes
('30715198D','30715198D','Estrella','de la Muerte','1998-12-17'), -- Clientes
('86654559N','86654559N','Angel','Caido Turin','1992-08-19'), -- Clientes
('75618098D','75618098D','Erling','Braut Haaland','2000-07-21'), -- Clientes
('66592600X','66592600X','Jose Lius','de Leon','1999-03-03'), -- Clientes
('17778073Q','17778073Q','Lola','Martinez Camacho','1980-09-13'), -- Clientes
('72636918C','72636918C','Iker','Casillas Fernandez','1981-05-20'), -- Clientes
('77152963S','77152963S','Jorge','Campos Navarrete','1966-10-15'), -- Clientes
('80970054A','80970054A','Felix','Sanchez Martin','2004-03-17'), -- Clientes
('79003488Y','79003488Y','Ana Maria','Zamora del Olmo','2002-01-19'), -- Clientes
('33360699G','33360699G','Maria Jose','Zambrano Fernandez','2002-10-19'), -- Clientes
('69125738C','69125738C','Alfonso','Fraile del Olmo','1998-03-31'),-- Clientes
('84936356R','84936356R','Alfonso','Fraile Sanchez','1964-10-20'), -- viajeros
('96065902P','96065902P','Eugenio','Da Silva','1980-02-01'), -- viajeros
('90539327B','90539327B','Roberto Jose','Leal Guillen','1979-06-28'), -- viajeros
('23639747W','23639747W','Jezabel','Perez Martin','1977-04-16'), -- viajeros
('51454163N','51454163N','Juan','del Sol','1976-01-24'), -- viajeros
('87442081Z','87442081Z','Saul','Sanchez da Silva','1987-10-02'), -- viajeros
('27813318Q','27813318Q','Jose Juan','Lopez Canfran','1986-07-04'), -- viajeros
('35371322J','35371322J','Jose Juan','Macias Prada','1990-01-31'), -- viajeros
('24507959X','24507959X','Alejandro','Olmos Pereda','2002-08-16'), -- viajeros
('10499607S','10499607S','Alejandro','del Olmo Cerrada','1965-06-27'), -- viajeros
('32768983D','32768983D','Leonardo','Da Vinci','1976-04-06'), -- viajeros
('97393760F','97393760F','Estrella','Villaroel Zamora','2000-01-09'), -- viajeros
('76120144B','76120144B','Luz Camila','Fernandez Sanchez','2002-10-12'), -- viajeros
('23242379M','23242379M','Kilyan','Mbappe','1970-02-15'), -- viajeros
('10938076N','10938076N','Marcela','Sanchez Canfran','2001-06-10'), -- viajeros
('88132520Q','88132520Q','Marcelo','Santana Olmos','1976-12-13'), -- viajeros
('78673028X','78673028X','Bartolome','Cosito Ferran','1967-11-23'), -- viajeros
('86191694E','86191694E','Jesus','Seisdedos Fernandez','1980-09-18'), -- viajeros
('43979761N','43979761N','Lucia','Fraile Canfran','1975-02-01'), -- viajeros
('28930562N','28930562N','Lucio','Reverte Olmos','2001-03-23'), -- viajeros
('28894815F','28894815F','Sergio','Ramos Reverte','1999-01-09'), -- viajeros
('18864924W','18864924W','Alejandro','del Olmo Fraile','1987-05-03'), -- viajeros
('81295686R','81295686R','Oscar','Mefferts Frutos','1998-03-31'), -- viajeros
('45777194H','45777194H','Alegria','Guangasi Quevedo','1997-09-21'), -- viajeros
('85665738F','85665738F','Alejandro','Tolome Perez','1999-09-19'), -- viajeros
('93219482E','93219482E','Alejandro','Da Silva','1998-10-12'), -- viajeros
('68120808Y','68120808Y','Alejandro','Reverte Canfran','1998-10-18'), -- viajeros
('39355567Z','39355567Z','Alegria','Mefferts Macias','1994-07-09'), -- viajeros
('36915547H','36915547H','Alejandro Jose','Lopez Seisdedos','2002-02-05'), -- viajeros
('34507510N','34507510N','Alejandro','del Olmo Ferraz','1993-09-12'); -- viajeros

INSERT INTO cliente(dni_cliente)
VALUES('44985796G'), 
('86873434L'), 
('23188871H'), 
('48006290T'), 
('73860331V'), 
('52955438P'), 
('90095416T'), 
('68649360H'), 
('63318845Y'), 
('92860136M'), 
('93690258B'), 
('51807164D'), 
('27715253T'),
('50832138E'),
('25579646N'),
('29410835E'),
('69131212C'),
('16917725Y'),
('42799486M'),
('30715198D'),
('86654559N'),
('75618098D'),
('66592600X'),
('17778073Q'),
('72636918C'), 
('77152963S'), 
('80970054A'), 
('79003488Y'), 
('33360699G'), 
('69125738C');

INSERT INTO viajero(dni_viajero, billete, vuelo)
VALUES('84936356R',25,1),
('96065902P',26,2),
('90539327B',27,6),
('23639747W',29,4),
('51454163N',29,4),
('87442081Z',26,2),
('27813318Q',30,8),
('35371322J',28,7),
('24507959X',30,8),
('10499607S',28,7),
('32768983D',25,1),
('97393760F',32,9),
('76120144B',33,10),
('23242379M',33,10),
('10938076N',34,11),
('88132520Q',36,13),
('78673028X',37,12),
('86191694E',38,14),
('43979761N',39,15),
('28930562N',30,8),
('28894815F',39,15),
('18864924W',37,12),
('81295686R',34,11),
('45777194H',33,10),
('85665738F',32,9),
('93219482E',32,9),
('68120808Y',27,6),
('39355567Z',27,6),
('36915547H',35,5),
('34507510N',35,5);